{"cameraMode":{"drawMode":0,"name":"Shaded","section":"Shading Mode"},"sceneLighting":true,"audioPlay":false,"sceneViewState":{"showFog":true,"showMaterialUpdate":false,"showSkybox":false,"showFlares":true,"showImageEffects":true,"showParticleSystems":true},"in2DMode":false,"pivot":{"x":-0.27349868416786196,"y":0.6954975128173828,"z":0.05047616362571716},"rotation":{"x":-0.310981810092926,"y":-0.2067638337612152,"z":0.06951013952493668,"w":-0.9250468611717224},"size":22.0,"orthographic":false}